[
    {
        "title": "Выезд мастера и диагностика в подарок",
        "desc": "При согласии на ремонт",
        "image": "/images/benefits/icon_benefits_master.svg"
    },
    {
        "title": "Гарантия до 2 лет на работу и запчасти",
        "desc": "",
        "image": "/images/benefits/icon_benefits_warranty.svg"
    },
    {
        "title": "Ремонт в течение суток после вызова",
        "desc": "",
        "image": "/images/benefits/icon_benefits_fast.svg"
    },
    {
        "title": "Оригинальные запчасти,",
        "desc": "Сертифицированные производителями",
        "image": "/images/benefits/icon_benefits_original_parts.svg"
    },
    {
        "title": "Мастера с опытом от 5 лет",
        "desc": "Берем в штат только опытных мастеров",
        "image": "/images/benefits/icon_benefits_quality.svg"
    },
    {
        "title": "Отличный сервис в Минске и Минском районе",
        "desc": "С 2016 г. ремонтируем бытовую технику",
        "image": "/images/benefits/icon_benefits_bigger.svg"
    }
]