{
    "contacts": {
        "time": "Работаем с 10:00 до 22:00 без выходных",
        "phone": [
            "+8 (033) 638 00 90",
            "+8 (033) 638 00 20"
        ],
        "email": "info@r-teh.by"
    },
    "social": [
        {
            "name": "instagram",
            "image": "/images/black-instagram-icon.svg",
            "link": "#"
        },
        {
            "name": "youtube",
            "image": "/images/youtube-round-line-icon.svg",
            "link": "#"
        },
        {
            "name": "facebook",
            "image": "/images/facebook-round-icon.svg",
            "link": "#"
        },
        {
            "name": "vk",
            "image": "/images/vk-round-line-icon.svg",
            "link": "#"
        }
    ],
    "customer": "© 2016-2023 Сервис-Центр «РемТехСервис» Содержимое сайта не является публичной офертой.",
    "services": [
        {
            "name": "Ремонт",
            "list": [
                {"name": "Стиральные машины", "link": "/repair/washer"},
                {"name": "Посудомоечные машины", "link": "/repair/dishwasher"},
                {"name": "Варочные панели", "link": "/repair/hob"},
                {"name": "Электроплиты", "link": "/repair/stove"},
                {"name": "Духовые шкафы", "link": "/repair/oven"},
                {"name": "Сушильные машины", "link": "/repair/dryer"}
            ]
        },
        {
            "name": "Установка",
            "list": [
                {"name": "Стиральные машины", "link": "/installation/washer"},
                {"name": "Посудомоечные машины", "link": "/installation/dishwasher"}
            ]
        },
        {
            "name": "Информация",
            "list": [
                {"name": "Цены", "link": "/price"},
                {"name": "Вопрос-ответ", "link": "/faq"},
                {"name": "Отзывы", "link": "/reviews"},
                {"name": "Гарантийный случай", "link": "/guaranty"},
                {"name": "Контакты", "link": "/contacts"}
            ]
        }
    ]
}