[
  {
    "question": "ОБЯЗАТЕЛЬНО ЛИ НУЖНА БУМАЖКА С ГАРАНТИЕЙ?",
    "answer": "Да. Мы должны убедится что техника ремонтировалась именно у нас."
  },
  {
    "question": "КАКИЕ КОНТАКТНЫЕ ДАННЫЕ НУЖНО ПИСАТЬ В ЗАЯВКЕ??",
    "answer": "Телефон, адрес и номер гарантийного талона, эти данные вы оставляли в заявке на    ремонт. Это нужно, что бы мы могли найти в базе ваш заказ."
  },
  {
    "question": "В КАКИХ СЛУЧАЯХ ГАРАНТИЙНЫЙ РЕМОНТ БУДЕТ ПЛАТНЫМ?",
    "answer": "Если случилась другая неисправность."
  },
  {
    "question": "МОЖНО ЛИ ОТКАЗАТЬСЯ ОТ ГАРАНТИЙНОГО РЕМОНТА, ЕСЛИ МАСТЕР УЖЕ ПРИЕХАЛ?",
    "answer": "Да. Более того, если окажется, что ремонт нецелесообразный (древняя техника, или мастер не разобрался, в чём причина), то мы полностью вернём деньги, кроме оплаты выезда (30 рублей)."
  },
  {
    "question": "НА ЧТО ДЕЙСТВУЕТ ГАРАНТИЯ?",
    "answer": "На проведённый ремонт и заменённые запчасти."
  }
]