{
  "washer": [
    {
      "description": "Замена кнопки",
      "price": 1000,
      "time": "30-40 минут",
      "guaranty": "6 месяцев"
    },
    {
      "description": "Замена ручки люка",
      "price": 1000,
      "time": "30-40 минут",
      "guaranty": "6 месяцев"
    },
    {
      "description": "Замена петли дверцы",
      "price": 1000,
      "time": "30-40 минут",
      "guaranty": "6 месяцев"
    },
    {
      "description": "Замена стекла люка",
      "price": 1000,
      "time": "30-40 минут",
      "guaranty": "6 месяцев"
    },
    {
      "description": "Замена люка",
      "price": 1000,
      "time": "30-40 минут",
      "guaranty": "6 месяцев"
    },
    {
      "description": "Замена сетевого фильтра (ФПС, пускового конденсатора",
      "price": 1000,
      "time": "30-40 минут",
      "guaranty": "6 месяцев"
    },
    {
      "description": "Замена сливного шланга",
      "price": 1000,
      "time": "30-40 минут",
      "guaranty": "6 месяцев"
    },
    {
      "description": "Замена заливного шланга",
      "price": 1000,
      "time": "30-40 минут",
      "guaranty": "6 месяцев"
    },
    {
      "description": "Замена сливного фильтра",
      "price": 1000,
      "time": "30-40 минут",
      "guaranty": "6 месяцев"
    },
    {
      "description": "Замена дозатора моющих средств",
      "price": 1000,
      "time": "30-40 минут",
      "guaranty": "6 месяцев"
    },
    {
      "description": "Чистка сливного фильтра",
      "price": 1000,
      "time": "30-40 минут",
      "guaranty": "6 месяцев"
    },
    {
      "description": "Замена приводного ремня",
      "price": 1000,
      "time": "30-40 минут",
      "guaranty": "6 месяцев"
    },
    {
      "description": "Снятие транспортировочных болтов",
      "price": 1000,
      "time": "30-40 минут",
      "guaranty": "6 месяцев"
    },
    {
      "description": "Замена ТЭНа",
      "price": 1500,
      "time": "30-40 минут",
      "guaranty": "6 месяцев"
    },
    {
      "description": "Замена сливного насоса",
      "price": 1600,
      "time": "30-40 минут",
      "guaranty": "6 месяцев"
    },
    {
      "description": "Замена манжеты люка",
      "price": 1600,
      "time": "30-40 минут",
      "guaranty": "6 месяцев"
    },
    {
      "description": "Поиск и устранение засора в сливном тракте",
      "price": 1600,
      "time": "30-40 минут",
      "guaranty": "6 месяцев"
    },
    {
      "description": "Замена УБЛ (блокировки люка)",
      "price": 1600,
      "time": "30-40 минут",
      "guaranty": "6 месяцев"
    },
    {
      "description": "Замена щёток двигателя",
      "price": 1600,
      "time": "30-40 минут",
      "guaranty": "6 месяцев"
    },
    {
      "description": "Ремонт или замена мотора",
      "price": 1600,
      "time": "30-40 минут",
      "guaranty": "6 месяцев"
    },
    {
      "description": "Замена амортизаторов",
      "price": 1600,
      "time": "30-40 минут",
      "guaranty": "6 месяцев"
    },
    {
      "description": "Замена пружин",
      "price": 1600,
      "time": "30-40 минут",
      "guaranty": "6 месяцев"
    },
    {
      "description": "Замена прессостата (датчика уровня)",
      "price": 1600,
      "time": "30-40 минут",
      "guaranty": "6 месяцев"
    },
    {
      "description": "Замена заливного клапана (КЭНа)",
      "price": 1600,
      "time": "30-40 минут",
      "guaranty": "6 месяцев"
    },
    {
      "description": "Вынуть посторонний предмет",
      "price": 1600,
      "time": "30-40 минут",
      "guaranty": "6 месяцев"
    },
    {
      "description": "Замена блока управления или индексации",
      "price": 1600,
      "time": "30-40 минут",
      "guaranty": "6 месяцев"
    },
    {
      "description": "Ремонт платы управления или индексации",
      "price": 1600,
      "time": "30-40 минут",
      "guaranty": "6 месяцев"
    },
    {
      "description": "Замена селектора программ",
      "price": 1600,
      "time": "30-40 минут",
      "guaranty": "6 месяцев"
    },
    {
      "description": "Ремонт или замена аквастопа",
      "price": 1600,
      "time": "30-40 минут",
      "guaranty": "6 месяцев"
    },
    {
      "description": "Ремонт или замена патрубка",
      "price": 1600,
      "time": "30-40 минут",
      "guaranty": "6 месяцев"
    },
    {
      "description": "Замена шкива барабана",
      "price": 1600,
      "time": "30-40 минут",
      "guaranty": "6 месяцев"
    },
    {
      "description": "Замена датчика температуры или термостата",
      "price": 1600,
      "time": "30-40 минут",
      "guaranty": "6 месяцев"
    },
    {
      "description": "Замена ТЭНа сушки",
      "price": 1600,
      "time": "30-40 минут",
      "guaranty": "6 месяцев"
    },
    {
      "description": "Замена жгута электропроводки",
      "price": 1600,
      "time": "30-40 минут",
      "guaranty": "6 месяцев"
    },
    {
      "description": "Замена циркуляционного насоса",
      "price": 1600,
      "time": "30-40 минут",
      "guaranty": "6 месяцев"
    },
    {
      "description": "Замена верхнего противовеса",
      "price": 1600,
      "time": "30-40 минут",
      "guaranty": "6 месяцев"
    },
    {
      "description": "Замена шторок барабана",
      "price": 1600,
      "time": "30-40 минут",
      "guaranty": "6 месяцев"
    },
    {
      "description": "Замена подшипника",
      "price": 3300,
      "time": "1-2 часа",
      "guaranty": "1 год"
    },
    {
      "description": "Замена крестовины",
      "price": 2900,
      "time": "1-3 часа",
      "guaranty": "2 года"
    },
    {
      "description": "Замена бака или барабана",
      "price": 2900,
      "time": "1-3 часа",
      "guaranty": "2 года"
    },
    {
      "description": "Замена опоры бака",
      "price": 2900,
      "time": "1-3 часа",
      "guaranty": "2 года"
    },
    {
      "description": "Замена нижнего противовеса",
      "price": 2900,
      "time": "1-3 часа",
      "guaranty": "2 года"
    },
    {
      "description": "Замена шторок барабана с разбором бака (для машин с вертикальной загрузкой)",
      "price": 2900,
      "time": "1-3 часа",
      "guaranty": "2 года"
    }
  ]

,
"dryer":  [
    {
      "description": "Чистка",
      "price": 1000,
      "time": "30-40 минут",
      "guaranty": "6 месяцев"
    },
    {
      "description": "Замена ворсовых фильтров",
      "price": 1000,
      "time": "30-40 минут",
      "guaranty": "6 месяцев"
    },
    {
      "description": "Замена кнопки",
      "price": 1000,
      "time": "30-40 минут",
      "guaranty": "6 месяцев"
    },
    {
      "description": "Замена рукуператора",
      "price": 1000,
      "time": "30-40 минут",
      "guaranty": "6 месяцев"
    },
    {
      "description": "Замена пускового конденсатора",
      "price": 1500,
      "time": "30-40 минут",
      "guaranty": "6 месяцев"
    },
    {
      "description": "Замена ремня",
      "price": 1500,
      "time": "30-40 минут",
      "guaranty": "6 месяцев"
    },
    {
      "description": "Замена опорного ролика",
      "price": 1500,
      "time": "30-40 минут",
      "guaranty": "6 месяцев"
    },
    {
      "description": "Замена устройства блокировки люка",
      "price": 1500,
      "time": "30-40 минут",
      "guaranty": "6 месяцев"
    },
    {
      "description": "Замена ТЭНа",
      "price": 1500,
      "time": "30-40 минут",
      "guaranty": "6 месяцев"
    },
    {
      "description": "Замена датчика температуры",
      "price": 1500,
      "time": "30-40 минут",
      "guaranty": "6 месяцев"
    },
    {
      "description": "Замена сенсора влажности",
      "price": 2900,
      "time": "1-3 часа",
      "guaranty": "2 года"
    },
    {
      "description": "Замена вентелятора",
      "price": 2900,
      "time": "1-3 часа",
      "guaranty": "2 года"
    },
    {
      "description": "Замена помпы",
      "price": 2900,
      "time": "1-3 часа",
      "guaranty": "2 года"
    },
    {
      "description": "Ремонт или замена мотора",
      "price": 2900,
      "time": "1-3 часа",
      "guaranty": "2 года"
    },
    {
      "description": "Замена компрессора теплового насоса",
      "price": 2900,
      "time": "1-3 часа",
      "guaranty": "2 года"
    },
    {
      "description": "Замена бака",
      "price": 2900,
      "time": "1-3 часа",
      "guaranty": "2 года"
    },
    {
      "description": "Ремонт или замена модуля управления или индикации",
      "price": 2900,
      "time": "1-3 часа",
      "guaranty": "2 года"
    },
    {
      "description": "Замена подшипника",
      "price": 2900,
      "time": "1-3 часа",
      "guaranty": "2 года"
    }
  ]
,
"dishwasher":  [
    {
      "description": "Очистка фильтров",
      "price": 1000,
      "time": "30-40 минут",
      "guaranty": "6 месяцев"
    },
    {
      "description": "Чистка заливного фильтра-сеточки",
      "price": 1000,
      "time": "30-40 минут",
      "guaranty": "6 месяцев"
    },
    {
      "description": "Замена сливного шланга",
      "price": 1000,
      "time": "30-40 минут",
      "guaranty": "6 месяцев"
    },
    {
      "description": "Замена заливного шланга",
      "price": 1000,
      "time": "30-40 минут",
      "guaranty": "6 месяцев"
    },
    {
      "description": "Замена заливного шланга с системой Аквастоп",
      "price": 1000,
      "time": "30-40 минут",
      "guaranty": "6 месяцев"
    },
    {
      "description": "Замена сетевого шнура",
      "price": 1000,
      "time": "30-40 минут",
      "guaranty": "6 месяцев"
    },
    {
      "description": "Замена нижнего уплотнителя дверцы",
      "price": 1000,
      "time": "30-40 минут",
      "guaranty": "6 месяцев"
    },
    {
      "description": "Замена П-образного уплотнителя дверцы",
      "price": 1000,
      "time": "30-40 минут",
      "guaranty": "6 месяцев"
    },
    {
      "description": "Замена кнопки",
      "price": 1000,
      "time": "30-40 минут",
      "guaranty": "6 месяцев"
    },
    {
      "description": "Замена сенсора управления",
      "price": 1000,
      "time": "30-40 минут",
      "guaranty": "6 месяцев"
    },
    {
      "description": "Замена держателей колёсиков корзины (1 шт.)",
      "price": 1000,
      "time": "30-40 минут",
      "guaranty": "6 месяцев"
    },
    {
      "description": "Замена колёсиков корзины (1 шт.)",
      "price": 1000,
      "time": "30-40 минут",
      "guaranty": "6 месяцев"
    },
    {
      "description": "Ремонт или замена петли двери (1 шт.)",
      "price": 1000,
      "time": "30-40 минут",
      "guaranty": "6 месяцев"
    },
    {
      "description": "Замена датчика соли",
      "price": 1000,
      "time": "30-40 минут",
      "guaranty": "6 месяцев"
    },
    {
      "description": "Ремонт или замена пружины дверцы (1 шт.)",
      "price": 1000,
      "time": "30-40 минут",
      "guaranty": "6 месяцев"
    },
    {
      "description": "Ремонт механизма замка",
      "price": 1000,
      "time": "30-40 минут",
      "guaranty": "6 месяцев"
    },
    {
      "description": "Ремонт или замена дозатора моющих средств (диспенсера)",
      "price": 1000,
      "time": "30-40 минут",
      "guaranty": "6 месяцев"
    },
    {
      "description": "Чистка разбрызгивателя (импеллера) (1 шт.)",
      "price": 1000,
      "time": "30-40 минут",
      "guaranty": "6 месяцев"
    },
    {
      "description": "Замена разбрызгивателя (импеллера) (1 шт.)",
      "price": 1000,
      "time": "30-40 минут",
      "guaranty": "6 месяцев"
    },
    {
      "description": "Регулировка прессостата (реле уровня воды)",
      "price": 1000,
      "time": "30-40 минут",
      "guaranty": "6 месяцев"
    },
    {
      "description": "Замена ТЭНа",
      "price": 1500,
      "time": "30-40 минут",
      "guaranty": "6 месяцев"
    },
    {
      "description": "Замена сливного насоса",
      "price": 1500,
      "time": "30-40 минут",
      "guaranty": "6 месяцев"
    },
    {
      "description": "Замена циркуляционного насоса",
      "price": 1500,
      "time": "30-40 минут",
      "guaranty": "6 месяцев"
    },
    {
      "description": "Ремонт циркуляционного насоса (ремкомплект)",
      "price": 1500,
      "time": "30-40 минут",
      "guaranty": "6 месяцев"
    },
    {
      "description": "Разблокировка циркуляционного насоса",
      "price": 1500,
      "time": "30-40 минут",
      "guaranty": "6 месяцев"
    },
    {
      "description": "Поиск и устранение засора в сливном тракте",
      "price": 1500,
      "time": "30-40 минут",
      "guaranty": "6 месяцев"
    },
    {
      "description": "Замена замка двери (УБЛ)",
      "price": 1500,
      "time": "30-40 минут",
      "guaranty": "6 месяцев"
    },
    {
      "description": "Замена прессостата (датчика уровня)",
      "price": 1500,
      "time": "30-40 минут",
      "guaranty": "6 месяцев"
    },
    {
      "description": "Замена заливного клапана (КЭНа)",
      "price": 1500,
      "time": "30-40 минут",
      "guaranty": "6 месяцев"
    },
    {
      "description": "Замена блока управления или индикации",
      "price": 1500,
      "time": "30-40 минут",
      "guaranty": "6 месяцев"
    },
    {
      "description": "Ремонт платы управления или индикации",
      "price": 1500,
      "time": "30-40 минут",
      "guaranty": "6 месяцев"
    },
    {
      "description": "Замена пускового конденсатора циркуляционного насоса",
      "price": 1500,
      "time": "30-40 минут",
      "guaranty": "6 месяцев"
    },
    {
      "description": "Замена расходомера (датчика протока воды)",
      "price": 1500,
      "time": "30-40 минут",
      "guaranty": "6 месяцев"
    },
    {
      "description": "Замена датчика мутности",
      "price": 1500,
      "time": "30-40 минут",
      "guaranty": "6 месяцев"
    },
    {
      "description": "Ремонт теплообменника (чистка, замена клапана спуска и др.)",
      "price": 1500,
      "time": "30-40 минут",
      "guaranty": "6 месяцев"
    },
    {
      "description": "Замена проточного нагревательного элемента (ТЭНа)",
      "price": 1500,
      "time": "30-40 минут",
      "guaranty": "6 месяцев"
    },
    {
      "description": "Замена бачка для соли",
      "price": 1500,
      "time": "30-40 минут",
      "guaranty": "6 месяцев"
    },
    {
      "description": "Замена панели управления",
      "price": 1500,
      "time": "30-40 минут",
      "guaranty": "6 месяцев"
    },
    {
      "description": "Ремонт стакана моечного бака (ремкомплект)",
      "price": 1500,
      "time": "30-40 минут",
      "guaranty": "6 месяцев"
    },
    {
      "description": "Ремонт или замена системы защиты от протечек (Аквастопа)",
      "price": 1500,
      "time": "30-40 минут",
      "guaranty": "6 месяцев"
    },
    {
      "description": "Замена водоприёмника (картера)",
      "price": 2900,
      "time": "1-3 часа",
      "guaranty": "2 года"
    },
    {
      "description": "Замена улитки (стакана-отстойника) циркуляционного насоса",
      "price": 2900,
      "time": "1-3 часа",
      "guaranty": "2 года"
    },
    {
      "description": "Замена моечного бака",
      "price": 2900,
      "time": "1-3 часа",
      "guaranty": "2 года"
    }
  ]
,
"hob": [
    {
      "description": "Демонтаж-монтаж встраиваемой панели",
      "price": 1000,
      "time": "30-40 минут",
      "guaranty": "6 месяцев"
    },
    {
      "description": "Ремонт электропроводки",
      "price": 1000,
      "time": "30-40 минут",
      "guaranty": "6 месяцев"
    },
    {
      "description": "Разблокировка варочной поверхности",
      "price": 1000,
      "time": "30-40 минут",
      "guaranty": "6 месяцев"
    },
    {
      "description": "Ремонт или замена платы сенсорного управления",
      "price": 1000,
      "time": "30-40 минут",
      "guaranty": "6 месяцев"
    },
    {
      "description": "Замена термопредохранителя",
      "price": 1000,
      "time": "30-40 минут",
      "guaranty": "6 месяцев"
    },
    {
      "description": "Демонтаж-монтаж встраиваемой панели",
      "price": 1500,
      "time": "30-40 минут",
      "guaranty": "6 месяцев"
    },
    {
      "description": "Ремонт электропроводки",
      "price": 1500,
      "time": "30-40 минут",
      "guaranty": "6 месяцев"
    },
    {
      "description": "Разблокировка варочной поверхности",
      "price": 1500,
      "time": "30-40 минут",
      "guaranty": "6 месяцев"
    },
    {
      "description": "Ремонт или замена платы сенсорного управления",
      "price": 1500,
      "time": "30-40 минут",
      "guaranty": "6 месяцев"
    },
    {
      "description": "Замена термопредохранителя",
      "price": 1500,
      "time": "30-40 минут",
      "guaranty": "6 месяцев"
    },
    {
      "description": "Замена стекла",
      "price": 2900,
      "time": "1-3 часа",
      "guaranty": "2 года"
    }
  ]
,
"oven": [
    {
      "description": "Замена лампы подсветки",
      "price": 1000,
      "time": "30-40 минут",
      "guaranty": "6 месяцев"
    },
    {
      "description": "Демонтаж-монтаж встраиваемого духового шкафа",
      "price": 1000,
      "time": "30-40 минут",
      "guaranty": "6 месяцев"
    },
    {
      "description": "Замена кронштейна (петли) двери",
      "price": 1000,
      "time": "30-40 минут",
      "guaranty": "6 месяцев"
    },
    {
      "description": "Замена ручки дверцы",
      "price": 1000,
      "time": "30-40 минут",
      "guaranty": "6 месяцев"
    },
    {
      "description": "Ремонт электропроводки",
      "price": 1000,
      "time": "30-40 минут",
      "guaranty": "6 месяцев"
    },
    {
      "description": "Ремонт или замена таймера",
      "price": 1500,
      "time": "30-40 минут",
      "guaranty": "6 месяцев"
    },
    {
      "description": "Ремонт или замена вентилятора",
      "price": 1500,
      "time": "30-40 минут",
      "guaranty": "6 месяцев"
    },
    {
      "description": "Ремонт или замена переключателя режимов",
      "price": 1500,
      "time": "30-40 минут",
      "guaranty": "6 месяцев"
    },
    {
      "description": "Ремонт или замена платы сенсорного управления",
      "price": 2900,
      "time": "1-3 часа",
      "guaranty": "2 года"
    },
    {
      "description": "Ремонт или замена модуля управления",
      "price": 2900,
      "time": "1-3 часа",
      "guaranty": "2 года"
    }
  ]
,
"stove": [
    {
      "description": "Ремонт электропроводки",
      "price": 1000,
      "time": "30-40 минут",
      "guaranty": "6 месяцев"
    },
    {
      "description": "Замена лампочки подсветки в духовке",
      "price": 1000,
      "time": "30-40 минут",
      "guaranty": "6 месяцев"
    },
    {
      "description": "Ремонт или замена чугунной конфорки",
      "price": 1000,
      "time": "30-40 минут",
      "guaranty": "6 месяцев"
    },
    {
      "description": "Ремонт или замена конфорки керамической плиты (стеклокерамика)",
      "price": 1000,
      "time": "30-40 минут",
      "guaranty": "6 месяцев"
    },
    {
      "description": "Ремонт или замена конфорки с расширением (стеклокерамика)",
      "price": 1500,
      "time": "30-40 минут",
      "guaranty": "6 месяцев"
    },
    {
      "description": "Ремонт или замена регулятора мощности конфорки (РЭМа)",
      "price": 1500,
      "time": "30-40 минут",
      "guaranty": "6 месяцев"
    },
    {
      "description": "Ремонт или замена клеммной коробки",
      "price": 1500,
      "time": "30-40 минут",
      "guaranty": "6 месяцев"
    },
    {
      "description": "Замена термостата (терморегулятора)",
      "price": 2900,
      "time": "1-3 часа",
      "guaranty": "2 года"
    },
    {
      "description": "Замена таймера духовки",
      "price": 2900,
      "time": "1-3 часа",
      "guaranty": "2 года"
    },
    {
      "description": "Замена ТЭНа духовки",
      "price": 2900,
      "time": "1-3 часа",
      "guaranty": "2 года"
    }
  ]
}
