{
  "washer": {
    "data": [
      {
        "title": "Двигатель",
        "info": [
          {
            "description": "Замена щёток",
            "price": "130 - 150 руб."
          },
          {
            "description": "Замена тахо датчика",
            "price": "100 - 180 руб."
          },
          {
            "description": "Замена двигателя",
            "price": "200 - 800 руб. (цена Б/У - новый)"
          },
          {
            "description": "Подшипник в двигателе не меняется, так как он не разборный. Профилактика подшипника",
            "price": "50 - 80 руб."
          }
        ]
      },
      {
        "title": "Барабан",
        "info": [
          {
            "description": "Замена амортизаторов",
            "price": "140 - 200 руб."
          },
          {
            "description": "Замена ТЭНа",
            "price": "120 - 150 руб."
          },
          {
            "description": "Замена подшипника (сальника)",
            "price": "250 - 350 руб."
          },
          {
            "description": "Замена крестовины",
            "price": "300 - 500 руб."
          },
          {
            "description": "Замена бака",
            "price": "от 350 руб."
          },
          {
            "description": "Замена патрубка (верх)",
            "price": "от 120 руб."
          },
          {
            "description": "Замена патрубка (низ)",
            "price": "от 170 руб."
          },
          {
            "description": "Ремонт патрубка",
            "price": "60 - 80 руб."
          },
          {
            "description": "Замена манжет",
            "price": "от 150 руб."
          }
        ]
      },
      {
        "title": "Насос (помпа)",
        "info": [
          {
            "description": "Замена насоса",
            "price": "130 - 170 руб."
          },
          {
            "description": "Замена фильтра",
            "price": "140 - 150 руб."
          },
          {
            "description": "Замена крышки фильтра",
            "price": "от 60 руб."
          },
          {
            "description": "Замена уплотнителя насоса",
            "price": "70 - 100 руб."
          },
          {
            "description": "Замена сливного шланга",
            "price": "70 - 100 руб."
          },
          {
            "description": "Чистка фильтра",
            "price": "60 руб."
          }
        ]
      },
      {
        "title": "Другое",
        "info": [
          {
            "description": "Ремонт модуля управления",
            "price": "130 - 200 руб."
          },
          {
            "description": "Замена модуля управления",
            "price": "от 150 руб."
          },
          {
            "description": "Ремонт электронного модуля",
            "price": "130 - 200 руб."
          },
          {
            "description": "Замена электронного модуля",
            "price": "200 - 400 руб."
          },
          {
            "description": "Чистка фильтра клапана подачи воды",
            "price": "60 руб."
          },
          {
            "description": "Замена клапана подачи воды",
            "price": "120 руб."
          },
          {
            "description": "Замена патрубка подачи воды",
            "price": "50 - 100 руб."
          },
          {
            "description": "Замена пружин",
            "price": "140 - 150 руб."
          },
          {
            "description": "Замена прессостата",
            "price": "180 - 240 руб."
          },
          {
            "description": "Восстановление проводки",
            "price": "50 - 300 руб."
          },
          {
            "description": "Замена датчика температуры",
            "price": "140 руб."
          },
          {
            "description": "Замена подавителя шумов",
            "price": "140 руб."
          },
          {
            "description": "Замена сетевого кабеля",
            "price": "80 - 150 руб."
          },
          {
            "description": "Ремонт сетевого кабеля",
            "price": "60 - 80 руб."
          },
          {
            "description": "Ремонт люка",
            "price": "100 руб."
          },
          {
            "description": "Замена люка",
            "price": "от 250 руб."
          },
          {
            "description": "Замена ремня",
            "price": "60 - 100 руб."
          },
          {
            "description": "Вызов мастера и диагностика",
            "price": "20 - 30 руб."
          },
          {
            "description": "Доставка техники в мастерскую и обратно",
            "price": "40 - 50 руб. (25 руб. в одну сторону без диагностики)"
          },
          {
            "description": "Доставка мелкой бытовой техники",
            "price": "15 - 20 руб. в одну сторону"
          }
        ]
      }
    ]
  },
  "dryer": {
    "data": [
      {
        "title": "МАЛЫЙ РЕМОНТ",
        "info": [
          {
            "description": "Чистка",
            "price": "от 100 до 250 руб."
          },
          {
            "description": "Замена ворсовых фильтров",
            "price": "от 130 руб."
          },
          {
            "description": "Замена кнопки",
            "price": "от 120 руб."
          },
          {
            "description": "Замена рукуператора",
            "price": "от 70 руб."
          }
        ]
      },
      {
        "title": "СРЕДНИЙ РЕМОНТ",
        "info": [
          {
            "description": "Замена пускового конденсатора",
            "price": "от 120 руб."
          },
          {
            "description": "Замена ремня",
            "price": "от 250 руб."
          },
          {
            "description": "Замена опорного ролика",
            "price": "от 250 руб."
          },
          {
            "description": "Замена ТЭНа",
            "price": "от 120 руб."
          },
          {
            "description": "Замена датчика температуры",
            "price": "от 140 руб."
          }
        ]
      },
      {
        "title": "КРУПНЫЙ РЕМОНТ",
        "info": [
          {
            "description": "Замена сенсора влажности",
            "price": "от 150 руб."
          },
          {
            "description": "Замена вентелятора",
            "price": "от 200 руб."
          },
          {
            "description": "Ремонт электродвигателя",
            "price": "от 180 руб."
          },
          {
            "description": "Чистка компрессора теплового насоса",
            "price": "от 80 руб."
          },
          {
            "description": "Замена бака",
            "price": "от 250 руб."
          },
          {
            "description": "Ремонт модуля индикации",
            "price": "от 130 руб."
          },
          {
            "description": "Замена подшипника",
            "price": "от 250 руб."
          }
        ]
      },
      {
        "title": "Другое",
        "info": [
          {
            "description": "Вызов мастера и диагностика",
            "price": "20 - 30 руб."
          },
          {
            "description": "Доставка техники в мастерскую и обратно",
            "price": "40 - 50 руб. (25 руб. в одну сторону без диагностики)"
          },
          {
            "description": "Доставка мелкой бытовой техники",
            "price": "15 - 20 руб. в одну сторону"
          }
        ]
      }
    ]
  },
  "dishwasher": {
    "data": [
      {
        "title": "Двигатель",
        "info": [
          {
            "description": "Замена щёток",
            "price": "130 - 150 руб."
          },
          {
            "description": "Замена тахо датчика",
            "price": "100 - 180 руб."
          },
          {
            "description": "Замена двигателя",
            "price": "200 - 800 руб. (цена Б/У - новый)"
          },
          {
            "description": "Подшипник в двигателе не меняется, так как он не разборный. Профилактика подшипника",
            "price": "50 - 80 руб."
          }
        ]
      },
      {
        "title": "Барабан",
        "info": [
          {
            "description": "Замена амортизаторов",
            "price": "140 - 200 руб."
          },
          {
            "description": "Замена ТЭНа",
            "price": "120 - 150 руб."
          },
          {
            "description": "Замена подшипника (сальника)",
            "price": "250 - 350 руб."
          },
          {
            "description": "Замена крестовины",
            "price": "300 - 500 руб."
          },
          {
            "description": "Замена бака",
            "price": "от 350 руб."
          },
          {
            "description": "Замена патрубка (верх)",
            "price": "от 120 руб."
          },
          {
            "description": "Замена патрубка (низ)",
            "price": "от 170 руб."
          },
          {
            "description": "Ремонт патрубка",
            "price": "60 - 80 руб."
          },
          {
            "description": "Замена манжет",
            "price": "от 150 руб."
          }
        ]
      },
      {
        "title": "Насос (помпа)",
        "info": [
          {
            "description": "Замена насоса",
            "price": "130 - 170 руб."
          },
          {
            "description": "Замена фильтра",
            "price": "140 - 150 руб."
          },
          {
            "description": "Замена крышки фильтра",
            "price": "от 60 руб."
          },
          {
            "description": "Замена уплотнителя насоса",
            "price": "70 - 100 руб."
          },
          {
            "description": "Замена сливного шланга",
            "price": "70 - 100 руб."
          },
          {
            "description": "Чистка фильтра",
            "price": "60 руб."
          }
        ]
      },
      {
        "title": "Другое",
        "info": [
          {
            "description": "Ремонт модуля управления",
            "price": "130 - 200 руб."
          },
          {
            "description": "Замена модуля управления",
            "price": "от 150 руб."
          },
          {
            "description": "Ремонт электронного модуля",
            "price": "130 - 200 руб."
          },
          {
            "description": "Замена электронного модуля",
            "price": "200 - 400 руб."
          },
          {
            "description": "Чистка фильтра клапана подачи воды",
            "price": "60 руб."
          },
          {
            "description": "Замена клапана подачи воды",
            "price": "120 руб."
          },
          {
            "description": "Замена патрубка подачи воды",
            "price": "50 - 100 руб."
          },
          {
            "description": "Замена пружин",
            "price": "140 - 150 руб."
          },
          {
            "description": "Замена прессостата",
            "price": "180 - 240 руб."
          },
          {
            "description": "Восстановление проводки",
            "price": "50 - 300 руб."
          },
          {
            "description": "Замена датчика температуры",
            "price": "140 руб."
          },
          {
            "description": "Замена подавителя шумов",
            "price": "140 руб."
          },
          {
            "description": "Замена сетевого кабеля",
            "price": "80 - 150 руб."
          },
          {
            "description": "Ремонт сетевого кабеля",
            "price": "60 - 80 руб."
          },
          {
            "description": "Ремонт люка",
            "price": "100 руб."
          },
          {
            "description": "Замена люка",
            "price": "от 250 руб."
          },
          {
            "description": "Замена ремня",
            "price": "60 - 100 руб."
          },
          {
            "description": "Герметизация",
            "price": "от 150 руб."
          },
          {
            "description": "Чистка",
            "price": "70 - 150 руб."
          },
          {
            "description": "Замена аквастопа",
            "price": "300 - 500 руб."
          },
          {
            "description": "Замена замка",
            "price": "от 120 руб."
          },
          {
            "description": "Замена лопасти (пайка)",
            "price": "70 - 200 руб."
          },
          {
            "description": "Вызов мастера и диагностика",
            "price": "20 - 30 руб."
          },
          {
            "description": "Доставка техники в мастерскую и обратно",
            "price": "40 - 50 руб. (25 руб. в одну сторону без диагностики)"
          },
          {
            "description": "Доставка мелкой бытовой техники",
            "price": "15 - 20 руб. в одну сторону"
          }
        ]
      }
    ]
  },
  "hob": {
    "data": [
      {
        "title": "КРУПНЫЙ РЕМОНТ",
        "info": [
          {
            "description": "Замена стекла",
            "price": "от 130 руб."
          },
          {
            "description": "Замена конфорок",
            "price": "от 140 руб."
          },
          {
            "description": "Замена стекла",
            "price": "от 600 руб."
          }
        ]
      },
      {
        "title": "Другое",
        "info": [
          {
            "description": "Вызов мастера и диагностика",
            "price": "20 - 30 руб."
          },
          {
            "description": "Доставка техники в мастерскую и обратно",
            "price": "40 - 50 руб. (25 руб. в одну сторону без диагностики)"
          },
          {
            "description": "Доставка мелкой бытовой техники",
            "price": "15 - 20 руб. в одну сторону"
          }
        ]
      }
    ]
  },
  "oven": {
    "data": [
      {
        "title": "СРЕДНИЙ РЕМОНТ",
        "info": [
          {
            "description": "Замена ТЭНа (вверх, низ, конвекция)",
            "price": "от 120 руб."
          },
          {
            "description": "Замена уплотнителя дверцы",
            "price": "от 150 руб."
          },
          {
            "description": "Замена термостата",
            "price": "от 140 руб."
          },
          {
            "description": "Замена датчика перегрева (обдува)",
            "price": "от 70 руб."
          },
          {
            "description": "Замена вентилятора конвекции",
            "price": "от 200 руб."
          },
          {
            "description": "Проклейка дверцы (стекла)",
            "price": "от 70 руб."
          },
          {
            "description": "Замена стекла (не оригинал)",
            "price": "от 250 руб."
          },
          {
            "description": "Замена (ремонт) программатора",
            "price": "от 80 руб."
          },
          {
            "description": "Ремонт (замена) электронного модуля",
            "price": "от 120 руб."
          },
          {
            "description": "Замена лампы подсветки",
            "price": "от 50 руб."
          }
        ]
      },
      {
        "title": "Другое",
        "info": [
          {
            "description": "Вызов мастера и диагностика",
            "price": "20 - 30 руб."
          },
          {
            "description": "Доставка техники в мастерскую и обратно",
            "price": "40 - 50 руб. (25 руб. в одну сторону без диагностики)"
          },
          {
            "description": "Доставка мелкой бытовой техники",
            "price": "15 - 20 руб. в одну сторону"
          }
        ]
      }
    ]
  },
  "stove": {
    "data": [
      {
        "title": "МАЛЫЙ РЕМОНТ",
        "info": [
          {
            "description": "Ремонт электропроводки",
            "price": "от 50 руб."
          },
          {
            "description": "Замена лампочки подсветки в духовке",
            "price": "от 50 руб."
          },
          {
            "description": "Ремонт или замена чугунной конфорки",
            "price": "от 140 руб."
          },
          {
            "description": "Ремонт или замена конфорки керамической плиты (стеклокерамика)",
            "price": "от 140 руб."
          }
        ]
      },
      {
        "title": "СРЕДНИЙ РЕМОНТ",
        "info": [
          {
            "description": "Ремонт или замена конфорки с расширением (стеклокерамика)",
            "price": "от 140 руб."
          },
          {
            "description": "Ремонт или замена регулятора мощности конфорки (РЭМа)",
            "price": "от 130 руб."
          },
          {
            "description": "Ремонт или замена клеммной коробки",
            "price": "от 140 руб."
          },
          {
            "description": "Замена термостата (терморегулятора)",
            "price": "от 140 руб."
          },
          {
            "description": "Замена таймера духовки",
            "price": "от 140 руб."
          },
          {
            "description": "Замена ТЭНа духовки",
            "price": "от 120 руб."
          }
        ]
      },
      {
        "title": "КРУПНЫЙ РЕМОНТ",
        "info": [
          {
            "description": "Ремонт или замена вентилятора духовки",
            "price": "от 200 руб."
          },
          {
            "description": "Ремонт или замена платы сенсорного управления (стеклокерамика)",
            "price": "от 150 руб."
          },
          {
            "description": "Ремонт или замена модуля управления",
            "price": "от 120 руб."
          },
          {
            "description": "Замена стекла (не оригинал)",
            "price": "от 250 руб."
          }
        ]
      },
      {
        "title": "Другое",
        "info": [
          {
            "description": "Вызов мастера и диагностика",
            "price": "20 - 30 руб."
          },
          {
            "description": "Доставка техники в мастерскую и обратно",
            "price": "40 - 50 руб. (25 руб. в одну сторону без диагностики)"
          },
          {
            "description": "Доставка мелкой бытовой техники",
            "price": "15 - 20 руб. в одну сторону"
          }
        ]
      }
    ]
  }
}