{
    "total": {
        "percent": 95,
        "count": 274,
        "desc": "Мы благодарны за отзывы и предложения — нам важно знать ваше мнение.",
        "email": "info@r-teh.by"
    },
    "reviews": [
        {
            "title": "Ремонт на дому",
            "desc": "Мастер быстро обнаружил причину неисправности и произвел замену деталей. Мастер быстро обнаружил причину неисправности и произвел замену деталей. Мастер быстро обнаружил причину неисправности и произвел замену деталей.",
            "author": "Ирина, Зябликово",
            "date": "26 мар. 2023",
            "score": 5
        },
        {
            "title": "Ремонт на дому",
            "desc": "Мастер быстро обнаружил причину неисправности и произвел замену деталей.",
            "author": "Ирина, Зябликово",
            "date": "26 мар. 2023",
            "score": 5
        },
        {
            "title": "Ремонт на дому",
            "desc": "Мастер быстро обнаружил причину неисправности и произвел замену деталей.",
            "author": "Ирина, Зябликово",
            "date": "26 мар. 2023",
            "score": 5
        },
        {
            "title": "Ремонт на дому",
            "desc": "Мастер быстро обнаружил причину неисправности и произвел замену деталей.",
            "author": "Ирина, Зябликово",
            "date": "26 мар. 2023",
            "score": 5
        },
        {
            "title": "Ремонт на дому",
            "desc": "Мастер быстро обнаружил причину неисправности и произвел замену деталей.",
            "author": "Ирина, Зябликово",
            "date": "26 мар. 2023",
            "score": 5
        },
        {
            "title": "Ремонт на дому",
            "desc": "Мастер быстро обнаружил причину неисправности и произвел замену деталей.",
            "author": "Ирина, Зябликово",
            "date": "26 мар. 2023",
            "score": 5
        }
    ]
}