{
    "services": [
        {
            "name": "Ремонт",
            "list": [
                {
                    "name": "Стиральные машины",
                    "image": "images/services/icon_washer.svg",
                    "link": "/repair-washer",
                    "filterName": "washer"
                },
                {
                    "name": "Посудомоечные машины",
                    "image": "images/services/icon_dishwasher.svg",
                    "link": "/repair-dishwasher",
                    "filterName": "dishwasher"
                },
                {
                    "name": "Варочные панели",
                    "image": "images/services/icon_cook.svg",
                    "link": "/repair-hob",
                    "filterName": "hob"
                },
                {
                    "name": "Электроплиты",
                    "image": "images/services/icon_electric_cook.svg",
                    "link": "/repair-stove",
                    "filterName": "stove"
                },
                {
                    "name": "Духовые шкафы",
                    "image": "images/services/icon_cooker.svg",
                    "link": "/repair-oven",
                    "filterName": "oven"
                },
                {
                    "name": "Сушильные машины",
                    "image": "images/services/icon_dry_machine.svg",
                    "link": "/repair-dryer",
                    "filterName": "dryer"
                }
            ]
        },
        {
            "name": "Установка",
            "list": [
                {
                    "name": "Стиральные машины",
                    "image": "",
                    "link": "/install-washer",
                    "filterName": ""
                },
                {
                    "name": "Посудомоечные машины",
                    "image": "",
                    "link": "/install-dishwasher",
                    "filterName": ""
                }
            ]
        },
        {
            "name": "Информация",
            "list": [
                {
                    "name": "Цены",
                    "image": "",
                    "link": "#",
                    "filterName": ""
                },
                {
                    "name": "Вопрос-ответ",
                    "image": "",
                    "link": "#",
                    "filterName": ""
                },
                {
                    "name": "География",
                    "image": "",
                    "link": "#",
                    "filterName": ""
                },
                {
                    "name": "Отзывы",
                    "image": "",
                    "link": "#",
                    "filterName": ""
                },
                {
                    "name": "Гарантийный случай",
                    "image": "",
                    "link": "#",
                    "filterName": ""
                },
                {
                    "name": "Мастера",
                    "image": "",
                    "link": "#",
                    "filterName": ""
                },
                {
                    "name": "Контакты",
                    "image": "",
                    "link": "#",
                    "filterName": ""
                }
            ]
        }
    ]
}