{"casual": [

    {
        "image": "/images/workflow/icon_workflow_step1.svg",
        "text": "Вы оставляете заявку на ремонт"
    },
    {
        "image": "/images/workflow/icon_workflow_step2.svg",
        "text": "Мастер перезванивает и согласовывает время визита"
    },
    {
        "image": "/images/workflow/icon_workflow_step3.svg",
        "text": "Мастер приезжает, проводит диагностику и сообщает цену ремонта"
    },
    {
        "image": "/images/workflow/icon_workflow_step4.svg",
        "text": "Мастер чинит поломку и даёт письменную гарантию от 6 мес. до 2 лет"
    }
],
"garanty": [

    {
        "image": "/images/workflow/icon_workflow_step1.svg",
        "text": "Вы оставляете заявку на ремонт или звоните"
    },
    {
        "image": "/images/workflow/icon_workflow_step2.svg",
        "text": "Мастер находит вас в базе и перезванивает, чтобы уточнить проблему"
    },
    {
        "image": "/images/workflow/icon_workflow_step4.svg",
        "text": "Мастер приезжает, чинит поломку и даёт новую письменную гарантию на ремонт от 3 мес. до 2 лет"
    }
]
}